<?xml version="1.0" encoding="UTF-8"?>
<DEFECTS>
  <DEFECT>
    <SFA>
      <FILEPATH>G:\work_files\programs\test\SM2_PC\SM2_PC\</FILEPATH>
      <FILENAME>ECC.c</FILENAME>
      <LINE>1029</LINE>
      <COLUMN>45</COLUMN>
    </SFA>
    <DEFECTCODE>26451</DEFECTCODE>
    <DESCRIPTION>算术溢出: 使用 4 字节值上的运算符 * ，然后将结果转换到 8 字节值。在调用运算符 * 之前将值强制转换为宽类型可避免溢出(io.2)。</DESCRIPTION>
    <FUNCTION>ecc_bytes2native</FUNCTION>
    <DECORATED>ecc_bytes2native</DECORATED>
    <FUNCLINE>1024</FUNCLINE>
    <PATH></PATH>
  </DEFECT>
  <DEFECT>
    <SFA>
      <FILEPATH>G:\work_files\programs\test\SM2_PC\SM2_PC\</FILEPATH>
      <FILENAME>ECC.c</FILENAME>
      <LINE>1040</LINE>
      <COLUMN>39</COLUMN>
    </SFA>
    <DEFECTCODE>26451</DEFECTCODE>
    <DESCRIPTION>算术溢出: 使用 4 字节值上的运算符 * ，然后将结果转换到 8 字节值。在调用运算符 * 之前将值强制转换为宽类型可避免溢出(io.2)。</DESCRIPTION>
    <FUNCTION>ecc_native2bytes</FUNCTION>
    <DECORATED>ecc_native2bytes</DECORATED>
    <FUNCLINE>1035</FUNCLINE>
    <PATH></PATH>
  </DEFECT>
  <DEFECT>
    <SFA>
      <FILEPATH>G:\work_files\programs\test\SM2_PC\SM2_PC\</FILEPATH>
      <FILENAME>ECC.c</FILENAME>
      <LINE>1332</LINE>
      <COLUMN>11</COLUMN>
    </SFA>
    <DEFECTCODE>6011</DEFECTCODE>
    <DESCRIPTION>取消对 NULL 指针“l_point”的引用。</DESCRIPTION>
    <FUNCTION>ecdsa_verify</FUNCTION>
    <DECORATED>ecdsa_verify</DECORATED>
    <FUNCLINE>1274</FUNCLINE>
    <PROBABILITY>1</PROBABILITY>
    <RANK>4</RANK>
    <CATEGORY>
      <RULECATEGORY>mspft</RULECATEGORY>
    </CATEGORY>
    <PATH>
      <SFA>
        <FILEPATH>G:\work_files\programs\test\SM2_PC\SM2_PC\</FILEPATH>
        <FILENAME>ECC.c</FILENAME>
        <LINE>1276</LINE>
        <COLUMN>13</COLUMN>
      </SFA>
      <SFA>
        <FILEPATH>G:\work_files\programs\test\SM2_PC\SM2_PC\</FILEPATH>
        <FILENAME>ECC.c</FILENAME>
        <LINE>1276</LINE>
        <COLUMN>33</COLUMN>
      </SFA>
      <SFA>
        <FILEPATH>G:\work_files\programs\test\SM2_PC\SM2_PC\</FILEPATH>
        <FILENAME>ECC.c</FILENAME>
        <LINE>1277</LINE>
        <COLUMN>13</COLUMN>
      </SFA>
      <SFA>
        <FILEPATH>G:\work_files\programs\test\SM2_PC\SM2_PC\</FILEPATH>
        <FILENAME>ECC.c</FILENAME>
        <LINE>1278</LINE>
        <COLUMN>13</COLUMN>
      </SFA>
      <SFA>
        <FILEPATH>G:\work_files\programs\test\SM2_PC\SM2_PC\</FILEPATH>
        <FILENAME>ECC.c</FILENAME>
        <LINE>1278</LINE>
        <COLUMN>23</COLUMN>
      </SFA>
      <SFA>
        <FILEPATH>G:\work_files\programs\test\SM2_PC\SM2_PC\</FILEPATH>
        <FILENAME>ECC.c</FILENAME>
        <LINE>1279</LINE>
        <COLUMN>13</COLUMN>
      </SFA>
      <SFA>
        <FILEPATH>G:\work_files\programs\test\SM2_PC\SM2_PC\</FILEPATH>
        <FILENAME>ECC.c</FILENAME>
        <LINE>1280</LINE>
        <COLUMN>13</COLUMN>
      </SFA>
      <SFA>
        <FILEPATH>G:\work_files\programs\test\SM2_PC\SM2_PC\</FILEPATH>
        <FILENAME>ECC.c</FILENAME>
        <LINE>1281</LINE>
        <COLUMN>13</COLUMN>
      </SFA>
      <SFA>
        <FILEPATH>G:\work_files\programs\test\SM2_PC\SM2_PC\</FILEPATH>
        <FILENAME>ECC.c</FILENAME>
        <LINE>1282</LINE>
        <COLUMN>13</COLUMN>
      </SFA>
      <SFA>
        <FILEPATH>G:\work_files\programs\test\SM2_PC\SM2_PC\</FILEPATH>
        <FILENAME>ECC.c</FILENAME>
        <LINE>1283</LINE>
        <COLUMN>13</COLUMN>
      </SFA>
      <SFA>
        <FILEPATH>G:\work_files\programs\test\SM2_PC\SM2_PC\</FILEPATH>
        <FILENAME>ECC.c</FILENAME>
        <LINE>1284</LINE>
        <COLUMN>14</COLUMN>
      </SFA>
      <SFA>
        <FILEPATH>G:\work_files\programs\test\SM2_PC\SM2_PC\</FILEPATH>
        <FILENAME>ECC.c</FILENAME>
        <LINE>1285</LINE>
        <COLUMN>14</COLUMN>
      </SFA>
      <SFA>
        <FILEPATH>G:\work_files\programs\test\SM2_PC\SM2_PC\</FILEPATH>
        <FILENAME>ECC.c</FILENAME>
        <LINE>1286</LINE>
        <COLUMN>8</COLUMN>
      </SFA>
      <SFA>
        <FILEPATH>G:\work_files\programs\test\SM2_PC\SM2_PC\</FILEPATH>
        <FILENAME>ECC.c</FILENAME>
        <LINE>1287</LINE>
        <COLUMN>8</COLUMN>
      </SFA>
      <SFA>
        <FILEPATH>G:\work_files\programs\test\SM2_PC\SM2_PC\</FILEPATH>
        <FILENAME>ECC.c</FILENAME>
        <LINE>1288</LINE>
        <COLUMN>13</COLUMN>
      </SFA>
      <SFA>
        <FILEPATH>G:\work_files\programs\test\SM2_PC\SM2_PC\</FILEPATH>
        <FILENAME>ECC.c</FILENAME>
        <LINE>1288</LINE>
        <COLUMN>34</COLUMN>
      </SFA>
      <SFA>
        <FILEPATH>G:\work_files\programs\test\SM2_PC\SM2_PC\</FILEPATH>
        <FILENAME>ECC.c</FILENAME>
        <LINE>1289</LINE>
        <COLUMN>9</COLUMN>
      </SFA>
      <SFA>
        <FILEPATH>G:\work_files\programs\test\SM2_PC\SM2_PC\</FILEPATH>
        <FILENAME>ECC.c</FILENAME>
        <LINE>1291</LINE>
        <COLUMN>24</COLUMN>
      </SFA>
      <SFA>
        <FILEPATH>G:\work_files\programs\test\SM2_PC\SM2_PC\</FILEPATH>
        <FILENAME>ECC.c</FILENAME>
        <LINE>1292</LINE>
        <COLUMN>20</COLUMN>
      </SFA>
      <SFA>
        <FILEPATH>G:\work_files\programs\test\SM2_PC\SM2_PC\</FILEPATH>
        <FILENAME>ECC.c</FILENAME>
        <LINE>1293</LINE>
        <COLUMN>20</COLUMN>
      </SFA>
      <SFA>
        <FILEPATH>G:\work_files\programs\test\SM2_PC\SM2_PC\</FILEPATH>
        <FILENAME>ECC.c</FILENAME>
        <LINE>1295</LINE>
        <COLUMN>23</COLUMN>
      </SFA>
      <SFA>
        <FILEPATH>G:\work_files\programs\test\SM2_PC\SM2_PC\</FILEPATH>
        <FILENAME>ECC.c</FILENAME>
        <LINE>1301</LINE>
        <COLUMN>34</COLUMN>
      </SFA>
      <SFA>
        <FILEPATH>G:\work_files\programs\test\SM2_PC\SM2_PC\</FILEPATH>
        <FILENAME>ECC.c</FILENAME>
        <LINE>1308</LINE>
        <COLUMN>14</COLUMN>
      </SFA>
      <SFA>
        <FILEPATH>G:\work_files\programs\test\SM2_PC\SM2_PC\</FILEPATH>
        <FILENAME>ECC.c</FILENAME>
        <LINE>1309</LINE>
        <COLUMN>20</COLUMN>
      </SFA>
      <SFA>
        <FILEPATH>G:\work_files\programs\test\SM2_PC\SM2_PC\</FILEPATH>
        <FILENAME>ECC.c</FILENAME>
        <LINE>1310</LINE>
        <COLUMN>15</COLUMN>
      </SFA>
      <SFA>
        <FILEPATH>G:\work_files\programs\test\SM2_PC\SM2_PC\</FILEPATH>
        <FILENAME>ECC.c</FILENAME>
        <LINE>1311</LINE>
        <COLUMN>15</COLUMN>
      </SFA>
      <SFA>
        <FILEPATH>G:\work_files\programs\test\SM2_PC\SM2_PC\</FILEPATH>
        <FILENAME>ECC.c</FILENAME>
        <LINE>1314</LINE>
        <COLUMN>11</COLUMN>
      </SFA>
      <SFA>
        <FILEPATH>G:\work_files\programs\test\SM2_PC\SM2_PC\</FILEPATH>
        <FILENAME>ECC.c</FILENAME>
        <LINE>1315</LINE>
        <COLUMN>11</COLUMN>
      </SFA>
      <SFA>
        <FILEPATH>G:\work_files\programs\test\SM2_PC\SM2_PC\</FILEPATH>
        <FILENAME>ECC.c</FILENAME>
        <LINE>1316</LINE>
        <COLUMN>11</COLUMN>
      </SFA>
      <SFA>
        <FILEPATH>G:\work_files\programs\test\SM2_PC\SM2_PC\</FILEPATH>
        <FILENAME>ECC.c</FILENAME>
        <LINE>1317</LINE>
        <COLUMN>11</COLUMN>
      </SFA>
      <SFA>
        <FILEPATH>G:\work_files\programs\test\SM2_PC\SM2_PC\</FILEPATH>
        <FILENAME>ECC.c</FILENAME>
        <LINE>1318</LINE>
        <COLUMN>14</COLUMN>
      </SFA>
      <SFA>
        <FILEPATH>G:\work_files\programs\test\SM2_PC\SM2_PC\</FILEPATH>
        <FILENAME>ECC.c</FILENAME>
        <LINE>1319</LINE>
        <COLUMN>12</COLUMN>
      </SFA>
      <SFA>
        <FILEPATH>G:\work_files\programs\test\SM2_PC\SM2_PC\</FILEPATH>
        <FILENAME>ECC.c</FILENAME>
        <LINE>1320</LINE>
        <COLUMN>14</COLUMN>
      </SFA>
      <SFA>
        <FILEPATH>G:\work_files\programs\test\SM2_PC\SM2_PC\</FILEPATH>
        <FILENAME>ECC.c</FILENAME>
        <LINE>1321</LINE>
        <COLUMN>11</COLUMN>
      </SFA>
      <SFA>
        <FILEPATH>G:\work_files\programs\test\SM2_PC\SM2_PC\</FILEPATH>
        <FILENAME>ECC.c</FILENAME>
        <LINE>1324</LINE>
        <COLUMN>16</COLUMN>
      </SFA>
      <SFA>
        <FILEPATH>G:\work_files\programs\test\SM2_PC\SM2_PC\</FILEPATH>
        <FILENAME>ECC.c</FILENAME>
        <LINE>1325</LINE>
        <COLUMN>16</COLUMN>
      </SFA>
      <SFA>
        <FILEPATH>G:\work_files\programs\test\SM2_PC\SM2_PC\</FILEPATH>
        <FILENAME>ECC.c</FILENAME>
        <LINE>1326</LINE>
        <COLUMN>16</COLUMN>
      </SFA>
      <SFA>
        <FILEPATH>G:\work_files\programs\test\SM2_PC\SM2_PC\</FILEPATH>
        <FILENAME>ECC.c</FILENAME>
        <LINE>1327</LINE>
        <COLUMN>16</COLUMN>
      </SFA>
      <SFA>
        <FILEPATH>G:\work_files\programs\test\SM2_PC\SM2_PC\</FILEPATH>
        <FILENAME>ECC.c</FILENAME>
        <LINE>1329</LINE>
        <COLUMN>14</COLUMN>
      </SFA>
      <SFA>
        <FILEPATH>G:\work_files\programs\test\SM2_PC\SM2_PC\</FILEPATH>
        <FILENAME>ECC.c</FILENAME>
        <LINE>1331</LINE>
        <COLUMN>12</COLUMN>
        <KEYEVENT>
          <ID>1</ID>
          <KIND>declaration</KIND>
          <IMPORTANCE>Essential</IMPORTANCE>
          <MESSAGE>“l_point”可能为 NULL</MESSAGE>
        </KEYEVENT>
      </SFA>
      <SFA>
        <FILEPATH>G:\work_files\programs\test\SM2_PC\SM2_PC\</FILEPATH>
        <FILENAME>ECC.c</FILENAME>
        <LINE>1332</LINE>
        <COLUMN>11</COLUMN>
        <KEYEVENT>
          <ID>2</ID>
          <KIND>usage</KIND>
          <IMPORTANCE>Essential</IMPORTANCE>
          <MESSAGE>已取消对“l_point”的引用，但可能仍为 NULL</MESSAGE>
        </KEYEVENT>
      </SFA>
    </PATH>
  </DEFECT>
</DEFECTS>