<?xml version="1.0" encoding="UTF-8"?>
<DEFECTS>
  <DEFECT>
    <SFA>
      <FILEPATH>G:\work_files\programs\test\SM2_PC\SM2_PC\</FILEPATH>
      <FILENAME>main.c</FILENAME>
      <LINE>42</LINE>
      <COLUMN>10</COLUMN>
    </SFA>
    <DEFECTCODE>6011</DEFECTCODE>
    <DESCRIPTION>取消对 NULL 指针“G”的引用。</DESCRIPTION>
    <FUNCTION>main</FUNCTION>
    <DECORATED>main</DECORATED>
    <FUNCLINE>24</FUNCLINE>
    <PROBABILITY>1</PROBABILITY>
    <RANK>4</RANK>
    <CATEGORY>
      <RULECATEGORY>mspft</RULECATEGORY>
    </CATEGORY>
    <PATH>
      <SFA>
        <FILEPATH>G:\work_files\programs\test\SM2_PC\SM2_PC\</FILEPATH>
        <FILENAME>main.c</FILENAME>
        <LINE>26</LINE>
        <COLUMN>11</COLUMN>
      </SFA>
      <SFA>
        <FILEPATH>G:\work_files\programs\test\SM2_PC\SM2_PC\</FILEPATH>
        <FILENAME>main.c</FILENAME>
        <LINE>27</LINE>
        <COLUMN>11</COLUMN>
      </SFA>
      <SFA>
        <FILEPATH>G:\work_files\programs\test\SM2_PC\SM2_PC\</FILEPATH>
        <FILENAME>main.c</FILENAME>
        <LINE>28</LINE>
        <COLUMN>7</COLUMN>
      </SFA>
      <SFA>
        <FILEPATH>G:\work_files\programs\test\SM2_PC\SM2_PC\</FILEPATH>
        <FILENAME>main.c</FILENAME>
        <LINE>32</LINE>
        <COLUMN>5</COLUMN>
      </SFA>
      <SFA>
        <FILEPATH>G:\work_files\programs\test\SM2_PC\SM2_PC\</FILEPATH>
        <FILENAME>main.c</FILENAME>
        <LINE>39</LINE>
        <COLUMN>3</COLUMN>
        <KEYEVENT>
          <ID>1</ID>
          <KIND>declaration</KIND>
          <IMPORTANCE>Essential</IMPORTANCE>
          <MESSAGE>“G”可能为 NULL</MESSAGE>
        </KEYEVENT>
      </SFA>
      <SFA>
        <FILEPATH>G:\work_files\programs\test\SM2_PC\SM2_PC\</FILEPATH>
        <FILENAME>main.c</FILENAME>
        <LINE>40</LINE>
        <COLUMN>10</COLUMN>
      </SFA>
      <SFA>
        <FILEPATH>G:\work_files\programs\test\SM2_PC\SM2_PC\</FILEPATH>
        <FILENAME>main.c</FILENAME>
        <LINE>40</LINE>
        <COLUMN>19</COLUMN>
        <KEYEVENT>
          <ID>2</ID>
          <KIND>branch</KIND>
          <IMPORTANCE>Full</IMPORTANCE>
          <MESSAGE>进入此循环(假定“i&lt;4”)</MESSAGE>
        </KEYEVENT>
      </SFA>
      <SFA>
        <FILEPATH>G:\work_files\programs\test\SM2_PC\SM2_PC\</FILEPATH>
        <FILENAME>main.c</FILENAME>
        <LINE>42</LINE>
        <COLUMN>10</COLUMN>
        <KEYEVENT>
          <ID>3</ID>
          <KIND>usage</KIND>
          <IMPORTANCE>Essential</IMPORTANCE>
          <MESSAGE>已取消对“G”的引用，但可能仍为 NULL</MESSAGE>
        </KEYEVENT>
      </SFA>
    </PATH>
  </DEFECT>
</DEFECTS>