<?xml version="1.0" encoding="UTF-8"?>
<DEFECTS>
  <DEFECT>
    <SFA>
      <FILEPATH>G:\work_files\programs\test\SM2_PC\SM2_PC\</FILEPATH>
      <FILENAME>SM3.c</FILENAME>
      <LINE>84</LINE>
      <COLUMN>21</COLUMN>
    </SFA>
    <DEFECTCODE>26452</DEFECTCODE>
    <DESCRIPTION>算术溢出: 左移计数为负或者大于或等于未定义行为的操作数大小(io.3)。</DESCRIPTION>
    <FUNCTION>lk_sm3_final</FUNCTION>
    <DECORATED>lk_sm3_final</DECORATED>
    <FUNCLINE>58</FUNCLINE>
    <PATH></PATH>
  </DEFECT>
  <DEFECT>
    <SFA>
      <FILEPATH>G:\work_files\programs\test\SM2_PC\SM2_PC\</FILEPATH>
      <FILENAME>SM3.c</FILENAME>
      <LINE>84</LINE>
      <COLUMN>21</COLUMN>
    </SFA>
    <DEFECTCODE>26452</DEFECTCODE>
    <DESCRIPTION>算术溢出: 左移计数为负或者大于或等于未定义行为的操作数大小(io.3)。</DESCRIPTION>
    <FUNCTION>lk_sm3_final</FUNCTION>
    <DECORATED>lk_sm3_final</DECORATED>
    <FUNCLINE>58</FUNCLINE>
    <PATH></PATH>
  </DEFECT>
  <DEFECT>
    <SFA>
      <FILEPATH>G:\work_files\programs\test\SM2_PC\SM2_PC\</FILEPATH>
      <FILENAME>SM3.c</FILENAME>
      <LINE>97</LINE>
      <COLUMN>25</COLUMN>
    </SFA>
    <DEFECTCODE>26452</DEFECTCODE>
    <DESCRIPTION>算术溢出: 左移计数为负或者大于或等于未定义行为的操作数大小(io.3)。</DESCRIPTION>
    <FUNCTION>lk_sm3_final</FUNCTION>
    <DECORATED>lk_sm3_final</DECORATED>
    <FUNCLINE>58</FUNCLINE>
    <PATH></PATH>
  </DEFECT>
  <DEFECT>
    <SFA>
      <FILEPATH>G:\work_files\programs\test\SM2_PC\SM2_PC\</FILEPATH>
      <FILENAME>SM3.c</FILENAME>
      <LINE>97</LINE>
      <COLUMN>25</COLUMN>
    </SFA>
    <DEFECTCODE>26452</DEFECTCODE>
    <DESCRIPTION>算术溢出: 左移计数为负或者大于或等于未定义行为的操作数大小(io.3)。</DESCRIPTION>
    <FUNCTION>lk_sm3_final</FUNCTION>
    <DECORATED>lk_sm3_final</DECORATED>
    <FUNCLINE>58</FUNCLINE>
    <PATH></PATH>
  </DEFECT>
</DEFECTS>